This part should not be included;;;;;;;;;;
;;;;;;;;;;
;;;;;;;;;;
Time;T?RICK;gneder;AGE;unit;country;Sta*te;Grand;Income;SpEND;Left
10.24.2016;No;male;22;year;Canada;Ontario;JOY;1502;1019;483
10.24.2016;No;Male;45;year;usa;il;MEH;1948;567;1381
10.24.2016;No;Female;48;year;US;Colorado;JOY;2405;813;1592
10.24.2016;No;Male;57;year;usa;il;JOY;2372;1053;1319
10.24.2016;Yes;Male;42;year;USA;ontario;MEH;2518;235;-228
10.24.2016;No;Male;41;year;USA;ma;JOY;2280;298;1982
10.24.2016;Yes;male;47;year;usa;il;DESPAIR;1000;810;200
10.24.2016;No;Male;28;year;Canada;Ontario;MEH;1309;718;591
10.24.2016;Yes;Male;44;year;USA;PA;MEH;1644;1548;96
10.24.2016;No;Female;41;year;UK;Tennessee;DESPAIR;2850;1257;1593
10.24.2016;No;Other;34;year;United States of America;IL;JOY;1417;258;0
10.24.2016;No;Female;46;year;USA;colorado;MEH;2487;1621;866
10.24.2016;No;Male;41;year;uSA;California;MEH;2270;409;1861
10.24.2016;Yes;Male;45;year;Japan;ohio;MEH;2187;1175;1012
10.24.2016;No;Male;480;months;united states;ca;MEH;725;660;64
10.24.2016;No;Female;31;year;USA ;Ny;MEH;778;671;-107
10.24.2016;No;Female;33;year;USA;ontario;JOY;2938;1054;1884
10.24.2016;No;Male;35;year;canada;Ontario;JOY;2083;1694;389
10.24.2016;Yes;Male;49;year;USA;NJ;MEH;2653;1648;1005
10.24.2016;No;Male;44;year;united states;nj;MEH;1329;858;471
10.24.2016;No;Male;45;year;United States;Tennessee;JOY;757;1398;-641
10.24.2016;No;m;34;year;canada;Maryland;MEH;1660;1660;0
10.24.2016;No;Male;48;year;United States;Maryland;MEH;1737;1785;-48
10.24.2016;No;Female;16;year;United States;CA;MEH;2540;1760;780
10.24.2016;No;Male;60;year;US;coloraod;MEH;2996;843;2153
10.24.2016;No;Male;30;year;us;nj;MEH;1648;1686;-38
10.24.2016;No;Female;51;year;USA;ny;MEH;1830;878;952
10.24.2016;No;I'd rather not say;31;year;United States;Florida;MEH;1786;1023;763
Oct 24 2016;No;Male;51;year;USA;california;MEH;2618;1970;648
10.24.2016;No;I'd rather not say;33;year;USA;MN;JOY;1005;1253;-248
10.24.2016;No;Male;480;months;USA;Michigan; despair;1746;490;1256
10.24.2016;YES;Male;38;year;USA;California;JOY;2108;NA;1669
10.24.2016;No;Male;35;year;United States;ny;MEH;557;753;-196
10.24.2016;No;m;54;year;US;NYC;JOY;2638;1776;862
10.24.2016;No;Male;33;year;USA;Pennsylvania;MEH;2141;1426;715
10.24.2016;No;Female;33;year;United States;Ontario;MEH;2746;1173;1573
10.24.2016;No;Male;43;year;USA;Tennessee;MEH;2348;1181;1167
10.24.2016;No;Male;50;year;usa;NY;JOY;2074;210;0
10.24.2016;No;Male;48;year;United States of America;Tennessee;JOY;2033;654;1379
10.24.2016;No;male;33;year;USA;MA;JOY;2769;1537;1232
10.24.2016;Yes;Male;34;year;Canada;MA;MEH;2830;434;2396
10.24.2016;No;Male;3,3;year;canada;ontario;JOY;1443;684;759
10.24.2016;No;Female;37;year;United States;Minnesota;MEH;588;958;-370
10.24.2016;No;Male;35;year;france;Minnesota;MEH;2547;NA;1887
10.24.2016;No;Male;33;year;USA;MA;MEH;1550;1212;338
10.24.2016;No;Male;48;year;USSA;Taxachusetts;JOY;1516;360;1156
10.24.2016;No;Female;3,5;year;US;Ohio;JOY;824;1811;-987
10.24.2016;No;Male;34;year;usa;OH�O;JOY;1320;512;808
10.24.2016;No;Male;480;months;United States;OH;JOY;1523;714;809
10.24.2016;No;Male;55;year;United States of America ;Missouri ;MEH;1438;1836;-398
10.24.2016;No;Male;54;year;usa;massachusetts;JOY;643;1732;-1089
10.24.2016;No;Male;58;year;Canada;Alberta;MEH;2566;474;2092
10.24.2016;NO;Male;43;year;USA;Missouri ;JOY;2585;829;1756
10.24.2016;No;Female;32;year;United States;Missouri ;MEH;2313;1779;534
10.24.2016;Yes;Male;32;year;USA;Missouri ;MEH;1198;1729;-531
10.24.2016;Yes;Male;47;year;United States;CA;JOY;2588;1367;1221
10.24.2016;No;Male;42;year;U.S.A.;ma;JOY;1217;1627;-410
Oct 24 2016;No;m;Old enough to know better ;year;A tropical island south of the equator;Missouri ;MEH;1968;NA;1674
10.24.2016;No;Male;49;year;USA;Minnesota;DESPAIR;2964;211;2753
10.24.2016;No;Male;32;year;USA;ca;JOY;2255;505;1750
10.24.2016;No;I'd rather not say;35;year;UK;ca;DESPAIR;1934;678;0
10.24.2016;No;Male;37;year;england;MA;DESPAIR;2896;574;2322
10.24.2016;y;Female;41;year;USA ;MA;JOY;2166;1290;876
10.24.2016;No;Male;51;year;usa;Minnesota;JOY;2444;1164;1280
10.24.2016;no;Male;64;year;usa;massachusetts;JOY;2535;1901;634
10.24.2016;No;m;38;year;United States;Massachusetts;JOY;1328;1641;-313
10.24.2016;No;Male;38;year;Canada;Ontario;MEH;2526;1414;1112
10.24.2016;Yes;Male;33;year;USA;IL;JOY;1572;287;1285
10.24.2016;No;Male;61;year;uk;nj;MEH;1319;300;1019
10.24.2016;No;male;35;year;usa;il;JOY;799;910;-111
10.24.2016;No;Male;33;year;USA;Illinois;JOY;2471;313;2158
10.24.2016;No;Male;65;year;usa;NY,ONEIDA;MEH;1066;274;792
10.24.2016;No;Male;48;year;Canada;NY;MEH;1019;1060;-41
10.24.2016;No;Male;46;year;USA;nj;JOY;2967;1490;1477
10.24.2016;y;Male;43;year;USA;New Jersey;JOY;1668;1689;-21
10.24.2016;No;Male;33;year;USA;New York;MEH;2254;1515;739
10.24.2016;No;Male;48;year;usa;ohio;JOY;2116;412;1704
10.24.2016;No;Male;33;year;USA;Ohio;MEH;1921;1892;29
10.24.2016;No;Female;35;year;Switzerland;New Jersey;MEH;718;1878;-1160
10.24.2016;no;Male;55;year;usa;California;MEH;2420;1696;724
10.24.2016;No;Male;360;months;USA;tennessee;MEH;1635;1858;-223
10.24.2016;No;female;26;year;USA;Tennessee;JOY;717;1647;-930
10.24.2016;No;Female;46;year;USA;Ohio;MEH;1972;746;1226
10.24.2016;No;Female;55;year;Murica;NJ;MEH;1209;862;347
10.24.2016;No;Male;36;year;United States;TN;MEH;2437;592;1845
10.24.2016;no;Male;64;year;USA;NC;MEH;1445;1240;205
Oct 24 2016;No;m;45;year;USA;OH;JOY;1507;1196;311
10.24.2016;Yes;Male;41;year;United Kingdom;il;MEH;1003;200;803
10.24.2016;No;Male;54;year;US;NC;JOY;891;1978;-1087
10.24.2016;Yes;I'd rather not say;78;year;Neverland;massachusetts;MEH;2278;1625;653
10.24.2016;Yes;Female;39;year;USA;Massachusetts;MEH;1663;768;895
10.24.2016;No;Male;34;year;USA;California;JOY;2248;995;1253
10.24.2016;No;Male;52;year;US;IL;JOY;2604;469;2135
10.24.2016;Yes;Male;41;year;USA!;New York;MEH;1203;1174;29
10.24.2016;No;Male;29;year;USA;NY;JOY;2885;1664;1221
10.24.2016;No;Male;63;year;US;il;MEH;1200;354;846
10.24.2016;No;male;49;year;USA;il;MEH;1429;498;931
10.24.2016;No;Male;50;year;USA;Illinois ;MEH;1126;551;575
10.24.2016;No;Male;43;year;U.S.A.;il;JOY;2422;591;1831
10.24.2016;Yes;I'd rather not say;old enough;year;this one;il;DESPAIR;2179;785;1394
10.24.2016;No;Male;As old as my tongue a few years older than my teeth;year;USA (I think but it's an election year so who can really tell);Illinois (birth state of Hilary Clinton which may or may not be a good thing);MEH;1230;918;312
10.24.2016;No;Male;58;year;US;NY;MEH;2676;1920;756
10.24.2016;NO;I'd rather not say;50s;year;usa;New York;JOY;1592;593;999
10.24.2016;No;Male;48;year;USA;ny;JOY;1425;1252;173
10.24.2016;n;Female;old;year;usa;ny;MEH;1853;1248;605
10.24.2016;No;Male;46;year;USA;NY;JOY;1857;1489;368
10.24.2016;No;Male;55;year;USA;Ontario;JOY;2634;1135;1499
Oct 24 2016;No;Female;44;year;Korea;il;MEH;1574;1622;-48
10.24.2016;No;Male;31;year;USA;Colorado;MEH;1142;262;880
10.24.2016;No;Female;44;year;USA;il;JOY;2915;1769;1146
10.24.2016;No;Female;47;year;US;ontario;JOY;1426;1397;29
10.24.2016;No;Male;40;year;USA;ma;   DESPAIR;961;650;311
10.24.2016;yes;Male;45;year;United States;il;JOY;2425;1554;871
10.24.2016;No;Male;41;year;uk;Ontario;DESPAIR;642;1096;-454
10.24.2016;No;Male;32;year;USA;ma;MEH;1665;934;731
10.24.2016;No;Male;43;year;USA;Tennessee;MEH;1879;1830;49
10.24.2016;No;I'd rather not say;;year;51;IL;DESPAIR;2443;276;2167
10.24.2016;Yes;Female;10;year;USA;colorado;MEH;1731;1933;-202
10.24.2016;No;Male;58;year;Usa;California;MEH;1486;1896;-410
10.24.2016;No;Female;31;year;USA;ohio;JOY;1977;1138;839
10.24.2016;No;Male;29;year;USA;ca;MEH;841;948;-107
10.24.2016;No;Male;36;year;USA;Ny;JOY;1929;1179;750
10.24.2016;No;Male;62;year;USA;ontario;MEH;1251;996;255
10.24.2016;No;Male;;year;uk;Ontario;MEH;2328;297;2031
10.24.2016;No;Male;51;year;US;NJ;JOY;2644;1630;1014
10.24.2016;No;Male;60;year;usa;nj;MEH;2970;1356;1614
10.24.2016;  No;Male;33;year;United States;Tennessee;JOY;1934;591;1343
10.24.2016;Yes;Male;47;year;USA;ma;MEH;2896;785;2111
10.24.2016;No;Male;35;year;United States;ma;MEH;2166;918;1248
10.24.2016;n;Male;35;year;USA;CA;JOY;2444;1920;524
10.24.2016;No;female;64;year;USA;coloraod;DESPAIR;2535;593;1942
10.24.2016;No;Female;30;year;United States;nj;MEH;1328;1252;76
10.24.2016;No;Male;28;year;USA;ny;MEH;2526;1248;1278
10.24.2016;   No;Male;55;year;usa;Florida;JOY;1572;1489;83
10.24.2016;No;Female;30;year;Usa;california;JOY;1319;1135;184
10.24.2016;Yes;Male;0x2A;year;usa;Tennessee;MEH;799;1622;-823
Oct 24 2016;No;Male;45;year;U.S.A.;Michigan;JOY;2471;262;2209
10.24.2016;No;Male;42;year;USA;California;MEH;1066;1769;-703
10.24.2016;No;Other;23;year;USA;ny;MEH;1019;1397;-378
10.24.2016;No;Male;40;year;United States;NYC;MEH;2967;650;2317
10.24.2016;No;Male;36;year;United States;Pennsylvania;   MEH;1668;1554;114
10.24.2016;No;Male;20;year;USA;Ontario;DESPAIR;2254;1096;1158
10.24.2016;No;Male;47;year;uk;Tennessee;meh;2116;934;1182
10.24.2016;No;Male;28;year;USA;NY;MEH;1921;1830;91
10.24.2016;No;Male;28;year;United States;Tennessee;MEH;718;287;431
10.24.2016;yes;Male;44;year;USA;MA;JOY;2420;300;2120
10.24.2016;No;Female;49;year;Usa;MA;MEH;1635;910;725
10.24.2016;No;Female;62;year;USA;ontario;MEH;717;313;404
10.24.2016;No;Male;36;year;USA;Minnesota;JOY;1972;274;1698
10.24.2016;No;Male;46;year;usa;Minnesota;JOY;1209;1060;149
10.24.2016;No;Female;55;year;United States;MA;JOY;2437;1490;947
10.24.2016;No;Female;32;year;United States;Taxachusetts;MEH;1445;1689;-244
10.24.2016;No;Male;24;year;United States of America;Ohio;JOY;1507;1515;-8
10.24.2016;No;Male;52;year;usa;OH�O;JOY;1003;412;591
10.24.2016;No;Male;31;year;Canada;OH;   JOY;891;1892;-1001
10.24.2016;No;Male;32;year;U.S.;Ontario;MEH;2278;1878;400
10.24.2016;No;Female;44;year;United States;massachusetts;JOY;1663;1696;-33
10.24.2016;No;Male;17;year;United States;Missouri ;meh;2248;1858;390
10.24.2016;No;Male;27;year;USA;Missouri ;MEH;2604;1647;957
10.24.2016;Yes;Female;38;year;USA;Missouri ;JOY;1203;858;345
10.24.2016;No;Male;36;year;United States;Missouri ;JOY;2885;1398;1487
10.24.2016;No;Male;30;year;US;CA;MEH;1200;1660;-460
10.24.2016;No;Female;46;year;USA ;ma;MEH;1429;1785;-356
10.24.2016;Yes;Male;40;year;USA;Missouri ;JOY;1126;1760;-634
10.24.2016;Yes;Male;42;year;United States;Minnesota;JOY;2422;843;1579
Oct 24 2016;Yes;Male;48;year;USA;ca;JOY;2179;1686;493
10.24.2016;no;Male;58;year;usa;ca;   MEH;1230;878;352
10.24.2016;No;Male;52;year;United States of America;MA;MEH;2676;1023;1653
10.24.2016;No;Male;37;year;United States of America;MA;MEH;1592;1970;-378
10.24.2016;No;Female;40;year;UK;Minnesota;MEH;1425;1253;172
10.24.2016;No;Male;33;year;USA ;massachusetts;MEH;1853;490;1363
10.24.2016;No;Male;49;year;United States;Massachusetts;MEH;1857;439;1418
10.24.2016;No;Female;43;year;Us;Ontario;MEH;2634;753;1881
10.24.2016;No;Male;42;year;United States;IL;    MEH;1574;1776;-202
10.24.2016;No;Other;17;year;USA;nj;MEH;1142;1426;-284
10.24.2016;No;Female;53;year;United States;il;JOY;2915;1173;1742
10.24.2016;No;Female;43;year;US;Illinois;JOY;1426;1181;245
10.24.2016;No;female;30;year;usa;NY,ONEIDA;MEH;961;210;751
10.24.2016;No;Male;47;year;usa;NY;;2425;654;1771
10.24.2016;Yes;Male;18;year;US;nj;MEH;642;1537;-895
10.24.2016;Yes;Female;13;year;America ;New Jersey;MEH;1665;434;1231
10.24.2016;No;Male;32;year;USA;New York;JOY;1879;684;1195
10.24.2016;No;Male;35;year;usa;ohio;MEH;2443;958;1485
10.24.2016;Yes;Male;53;year;usa;Ohio;meh;1731;660;1071
10.24.2016;No;female;33;year;USA;New Jersey;JOY;1486;1212;274
10.24.2016;No;Male;32;year;canada;California;MEH;1977;360;1617
10.24.2016;No;Male;32;year;USA;tennessee;MEH;841;1811;-970
10.24.2016;No;Male;40;year;United States;Tennessee;JOY;1929;512;1417
10.24.2016;Yes;Male;43;year;Units States;Ohio;JOY;1066;1760;-694
10.24.2016;No;m;40;year;USA;NJ;MEH;1019;843;176
10.24.2016;No;Male;38;year;United States;TN;joy;2967;1686;1281
10.24.2016;No;Male;34;year;United States;Tennessee;MEH;1668;878;790
10.24.2016;No;   Male;38;year;usa;OH;JOY;2254;1023;1231
10.24.2016;No;Male;40;year;United States;il;JOY;2116;1970;146
Oct 24 2016;Yes;Male;45;year;United States;NC;JOY;1921;1253;668
10.24.2016;Yes;Male;17;year;United States of America;massachusetts;JOY;718;490;228
10.24.2016;No;   Male;35;year;US;Massachusetts;JOY;2420;439;1981
10.24.2016;No;Male;42;year;USA;California;MEH;1635;753;882
10.24.2016;No;Male;35;year;USA;IL;JOY;717;612;105
